{
  "subject": {
    "accuracy": 0.94392786700479,
    "precision": 0.7378507871321013,
    "recall": 0.9862763037511436,
    "f1": 0.8441660140955364,
    "roc_auc": 0.9915535467927383,
    "average_precision": 0.9550910249036888,
    "confusion_matrix": [
      [
        5622,
        383
      ],
      [
        15,
        1078
      ]
    ]
  },
  "body": {
    "accuracy": 0.9853479853479854,
    "precision": 0.9311246730601569,
    "recall": 0.9771271729185728,
    "f1": 0.9535714285714286,
    "roc_auc": 0.9981470153341261,
    "average_precision": 0.9909871000268577,
    "confusion_matrix": [
      [
        5926,
        79
      ],
      [
        25,
        1068
      ]
    ]
  },
  "sender": {
    "accuracy": 0.8467173851789236,
    "precision": 0.5011933174224343,
    "recall": 0.9606587374199451,
    "f1": 0.6587202007528231,
    "roc_auc": 0.9747292779042777,
    "average_precision": 0.9184205159016758,
    "confusion_matrix": [
      [
        4960,
        1045
      ],
      [
        43,
        1050
      ]
    ]
  },
  "url": {
    "accuracy": 0.8971541279233587,
    "precision": 0.676728334956183,
    "recall": 0.6358645928636779,
    "f1": 0.6556603773584906,
    "roc_auc": 0.8951521795271247,
    "average_precision": 0.6797601910255707,
    "confusion_matrix": [
      [
        5673,
        332
      ],
      [
        398,
        695
      ]
    ]
  }
}