model,accuracy,precision,recall,f1,roc_auc,average_precision
best_single_module:body,0.9853479853479854,0.9311246730601569,0.9771271729185728,0.9535714285714286,0.9981470153341261,0.9909871000268577
equal_weight_average,0.993941955480417,0.9721223021582733,0.9890210430009149,0.980498866213152,0.999645614016377,0.9984662737850744
meta_model_fusion,0.993941955480417,0.9704301075268817,0.9908508691674291,0.9805341783612495,0.9997499796220441,0.9988615771997029
