feature,coefficient,odds_ratio
body,7.761881632942526,2349.321008750355
sender,6.556795054113677,704.0117554589127
subject,4.617984386554827,101.2896654251091
url,2.1363207980827363,8.468223937613057
url_count,-0.161981942924899,0.8504565611595798
has_url,-0.43938723604322794,0.6444311843248204
