metric,value
accuracy,0.993941955480417
precision,0.9704301075268817
recall,0.9908508691674291
f1,0.9805341783612495
roc_auc,0.9997499796220441
average_precision,0.9988615771997029
