{
  "accuracy": 0.993941955480417,
  "precision": 0.9704301075268817,
  "recall": 0.9908508691674291,
  "f1": 0.9805341783612495,
  "roc_auc": 0.9997499796220441,
  "average_precision": 0.9988615771997029,
  "confusion_matrix": [
    [
      5972,
      33
    ],
    [
      10,
      1083
    ]
  ],
  "rows": 22586,
  "train_rows": 15488,
  "test_rows": 7098,
  "source_mode": "common_only",
  "split_mode": "sender_domain_grouped",
  "probability_features": [
    "subject",
    "body",
    "sender",
    "url"
  ]
}