ablated_feature,accuracy,precision,recall,f1,roc_auc,average_precision
body,0.9649196956889264,0.8182503770739065,0.9926806953339433,0.8970649028524184,0.9984596550754823,0.9927991054359333
sender,0.9915469146238377,0.9582963620230701,0.9881061299176578,0.972972972972973,0.9993116440782421,0.9969609871642617
subject,0.9919695688926459,0.9592198581560284,0.989935956084172,0.9743358847366052,0.9994067158124558,0.9975852168007653
url,0.993941955480417,0.9695885509838998,0.9917657822506862,0.9805517865219358,0.9997332201817181,0.9988100963888654
