{
  "accuracy": 0.44121644580360175,
  "precision": 0.9811069126472549,
  "recall": 0.31093265708650325,
  "f1": 0.472211821342605,
  "confusion_matrix": [
    [
      3377,
      85
    ],
    [
      9782,
      4414
    ]
  ],
  "classification_report": "              precision    recall  f1-score   support\n\n           0       0.26      0.98      0.41      3462\n           1       0.98      0.31      0.47     14196\n\n    accuracy                           0.44     17658\n   macro avg       0.62      0.64      0.44     17658\nweighted avg       0.84      0.44      0.46     17658\n",
  "roc_auc": 0.8047433927816543,
  "average_precision": 0.9386273596902488,
  "dataset_size": 88290,
  "train_size": 70632,
  "test_size": 17658,
  "class_balance": {
    "0": 17312,
    "1": 70978
  },
  "empty_clean_fraction": 0.065,
  "fallback_fraction": 0.2718,
  "train_time_seconds": 237.287,
  "config": {
    "max_features": 30000,
    "ngram_range": [
      1,
      2
    ],
    "C": 1.0,
    "solver": "saga",
    "max_iter": 5000,
    "class_weight": "balanced",
    "calibrate": false,
    "calibration_method": "sigmoid",
    "calibration_cv": 3,
    "random_state": 42
  }
}