{
  "best_config": {
    "max_features": 30000,
    "ngram_range": [
      1,
      2
    ],
    "min_df": 2,
    "max_df": 1.0,
    "C": 1.0,
    "solver": "saga",
    "max_iter": 6000,
    "class_weight": "balanced",
    "random_state": 42,
    "calibrate": false,
    "calibration_method": "sigmoid",
    "calibration_cv": 3
  },
  "val_threshold": 0.14999999999999997,
  "val_best_f1": 0.8927701915952154,
  "test_metrics_at_val_threshold": {
    "acc": 0.808755238418847,
    "prec": 0.8123087581548409,
    "rec": 0.9911242603550295,
    "f1": 0.8928514769806771
  },
  "trials": [
    {
      "params": {
        "max_features": 30000,
        "ngram_range": [
          1,
          2
        ],
        "min_df": 2,
        "C": 1.0
      },
      "val": {
        "threshold": 0.14999999999999997,
        "acc": 0.8087777253421425,
        "prec": 0.8127589862195239,
        "rec": 0.99025478454855,
        "f1": 0.8927701915952154
      }
    },
    {
      "params": {
        "max_features": 50000,
        "ngram_range": [
          1,
          2
        ],
        "min_df": 2,
        "C": 1.0
      },
      "val": {
        "threshold": 0.14999999999999997,
        "acc": 0.8087777253421425,
        "prec": 0.8127589862195239,
        "rec": 0.99025478454855,
        "f1": 0.8927701915952154
      }
    },
    {
      "params": {
        "max_features": 30000,
        "ngram_range": [
          1,
          3
        ],
        "min_df": 2,
        "C": 1.0
      },
      "val": {
        "threshold": 0.14999999999999997,
        "acc": 0.8087777253421425,
        "prec": 0.8127589862195239,
        "rec": 0.99025478454855,
        "f1": 0.8927701915952154
      }
    },
    {
      "params": {
        "max_features": 50000,
        "ngram_range": [
          1,
          3
        ],
        "min_df": 2,
        "C": 1.0
      },
      "val": {
        "threshold": 0.14999999999999997,
        "acc": 0.8087777253421425,
        "prec": 0.8127589862195239,
        "rec": 0.99025478454855,
        "f1": 0.8927701915952154
      }
    }
  ]
}